{
    "mae": 1.8773753114161489,
    "mse": 336.3827956084217,
    "rmse": 18.34074141381481,
    "r2_score": 0.9969518970330568
}